ITEM_NO,HREF,TITLE,IMG_SRC,IMG_ALT,MODEL,PRODUCT_DESCRIPTION
0,http://www.cctvcameradealerschennai.com/product/CCTV-CAMERA/CPPLUS/CP-VAC-D10L2-DOME.php,CP-VAC-D10L2-DOMEcp plus-camera-in-Chennai,http://www.cctvcameradealerschennai.com/admin/uploads/CP-VAC-D10L2-DOME.jpg,CP-VAC-D10L2-DOME-cp plus-camera-in-Chennai,CP-VAC-D10L2-DOME,@CP-VAC-D10L2-DOME<br/><br/>1 MP HD Dome Camera - 20 Mtr.
1,http://www.cctvcameradealerschennai.com/product/CCTV-CAMERA/CPPLUS/CP-VAC-T10PL2-BULLET.php,CP-VAC-T10PL2-BULLETcp plus-camera-in-Chennai,http://www.cctvcameradealerschennai.com/admin/uploads/CP-VAC-T10PL2-BULLET.jpg,CP-VAC-T10PL2-BULLET-cp plus-camera-in-Chennai,CP-VAC-T10PL2-BULLET,@CP-VAC-T10PL2-BULLET<br/><br/>1 MP HD Bullet Camera - 20 Mtr.
2,http://www.cctvcameradealerschennai.com/product/CCTV-CAMERA/CPPLUS/CP-VAC-T10L2-BULLET.php,CP-VAC-T10L2-BULLETcp plus-camera-in-Chennai,http://www.cctvcameradealerschennai.com/admin/uploads/CP-VAC-T10L2-BULLET.jpg,CP-VAC-T10L2-BULLET-cp plus-camera-in-Chennai,CP-VAC-T10L2-BULLET,@CP-VAC-T10L2-BULLET<br/><br/>1 MP HD Bullet Camera - 20 Mtr.
3,http://www.cctvcameradealerschennai.com/product/CCTV-CAMERA/CPPLUS/CP-VAC-T10L3-BULLET.php,CP-VAC-T10L3-BULLETcp plus-camera-in-Chennai,http://www.cctvcameradealerschennai.com/admin/uploads/CP-VAC-T10L3-BULLET.jpg,CP-VAC-T10L3-BULLET-cp plus-camera-in-Chennai,CP-VAC-T10L3-BULLET,@CP-VAC-T10L3-BULLET<br/><br/>1 MP HD IR Bullet Camera - 30 Mtr.
4,http://www.cctvcameradealerschennai.com/product/CCTV-CAMERA/CPPLUS/CP-VAC-D13L2-DOME.php,CP-VAC-D13L2-DOME-cp plus-camera-in-Chennai,http://www.cctvcameradealerschennai.com/admin/uploads/CP-VAC-D13L2-DOME.jpg,CP-VAC-D13L2-DOME-cp plus-camera-in-Chennai,CP-VAC-D13L2-DOME,@CP-VAC-D13L2-DOME<br/><br/>1.3 MP HD IR Dome Camera - 20 Mtr.
5,http://www.cctvcameradealerschennai.com/product/CCTV-CAMERA/CPPLUS/CP-VAC-T13PL2-BULLET.php,CP-VAC-T13PL2-BULLET-cp plus-camera-in-Chennai,http://www.cctvcameradealerschennai.com/admin/uploads/CP-VAC-T13PL2-BULLET.jpg,CP-VAC-T13PL2-BULLET-cp plus-camera-in-Chennai,CP-VAC-T13PL2-BULLET,@CP-VAC-T13PL2-BULLET<br/><br/>1.3 MP HD IR Bullet Camera - 20 Mtr.
6,http://www.cctvcameradealerschennai.com/product/CCTV-CAMERA/CPPLUS/CP-VAC-T13L2-BULLET.php,CP-VAC-T13L2-BULLET-cp plus-camera-in-Chennai,http://www.cctvcameradealerschennai.com/admin/uploads/CP-VAC-T13L2-BULLET.jpg,CP-VAC-T13L2-BULLET-cp plus-camera-in-Chennai,CP-VAC-T13L2-BULLET,@CP-VAC-T13L2-BULLET<br/><br/>1.3 MP HD IR Bullet Camera - 20 Mtr
7,http://www.cctvcameradealerschennai.com/product/CCTV-CAMERA/CPPLUS/CP-VAC-T13L3-BULLET.php,CP-VAC-T13L3-BULLET-cp plus-camera-in-Chennai,http://www.cctvcameradealerschennai.com/admin/uploads/CP-VAC-T13L3-BULLET.jpg,CP-VAC-T13L3-BULLET-cp plus-camera-in-Chennai,CP-VAC-T13L3-BULLET,@CP-VAC-T13L3-BULLET<br/><br/>1.3 MP HD IR Bullet Camera - 30 Mtr.
8,http://www.cctvcameradealerschennai.com/product/CCTV-CAMERA/CPPLUS/CP-VAC-D24L2-DOME.php,CP-VAC-D24L2-DOME-cp plus-camera-in-Chennai,http://www.cctvcameradealerschennai.com/admin/uploads/CP-VAC-D24L2-DOME.jpg,CP-VAC-D24L2-DOME-cp plus-camera-in-Chennai,CP-VAC-D24L2-DOME,@CP-VAC-D24L2-DOME<br/><br/>2.4 MP Full HD IR Dome Camera - 20 Mtr.
9,http://www.cctvcameradealerschennai.com/product/CCTV-CAMERA/CPPLUS/CP-VAC-T24L2-BULLET.php,CP-VAC-T24L2-BULLET-cp plus-camera-in-Chennai,http://www.cctvcameradealerschennai.com/admin/uploads/CP-VAC-T24L2-BULLET.jpg,CP-VAC-T24L2-BULLET-cp plus-camera-in-Chennai,CP-VAC-T24L2-BULLET,@CP-VAC-T24L2-BULLET<br/><br/>2.4 MP Full HD IR Bullet Camera - 20 Mtr.
10,http://www.cctvcameradealerschennai.com/product/CCTV-CAMERA/CPPLUS/CP-VAC-T24PL2-BULLET.php,CP-VAC-T24PL2-BULLET-cp plus-camera-in-Chennai,http://www.cctvcameradealerschennai.com/admin/uploads/CP-VAC-T24PL2-BULLET.jpg,CP-VAC-T24PL2-BULLET-cp plus-camera-in-Chennai,CP-VAC-T24PL2-BULLET,@CP-VAC-T24PL2-BULLET<br/><br/>2.4 MP Full HD IR Bullet Camera - 20 Mtr.
11,http://www.cctvcameradealerschennai.com/product/CCTV-CAMERA/CPPLUS/CP-VAC-T24L3-BULLET.php,CP-VAC-T24L3-BULLET-cp plus-camera-in-Chennai,http://www.cctvcameradealerschennai.com/admin/uploads/CP-VAC-T24L3-BULLET.jpg,CP-VAC-T24L3-BULLET-cp plus-camera-in-Chennai,CP-VAC-T24L3-BULLET,@CP-VAC-T24L3-BULLET<br/><br/>2.4 MP Full HD IR Bullet Camera - 30 Mtr.
12,http://www.cctvcameradealerschennai.com/product/CCTV-CAMERA/CPPLUS/CP-VRA-1E0404-4CH-DVR.php,CP-VRA-1E0404-4CH-DVR-cp plus-camera-in-Chennai,http://www.cctvcameradealerschennai.com/admin/uploads/CP-VRA-1E0404-4CH-DVR.jpg,CP-VRA-1E0404-4CH-DVR-cp plus-camera-in-Chennai,CP-VRA-1E0404-4CH-DVR,@CP-VRA-1E0404-4CH-DVR<br/><br/>4 Ch. 1080P Lite Indigo DVR
13,http://www.cctvcameradealerschennai.com/product/CCTV-CAMERA/CPPLUS/CP-VRA-1E0804-8CHANNEL-DVR.php,CP-VRA-1E0804-8CHANNEL-DVR-cp plus-camera-in-Chennai,http://www.cctvcameradealerschennai.com/admin/uploads/CP-VRA-1E0804-8CH-DVR.jpg,CP-VRA-1E0804-8CHANNEL-DVR-cp plus-camera-in-Chennai,CP-VRA-1E0804-8CHANNEL-DVR,@CP-VRA-1E0804-8CHANNEL-DVR<br/><br/>8 Ch. 1080P Lite Indigo DVR
14,http://www.cctvcameradealerschennai.com/product/CCTV-CAMERA/CPPLUS/CP-VRA-1E1602-16CHANNEL-DVR.php,CP-VRA-1E1602-16CHANNEL-DVR-cp plus-camera-in-Chennai,http://www.cctvcameradealerschennai.com/admin/uploads/CP-VRA-1E1602-16CH-DVR.jpg,CP-VRA-1E1602-16CHANNEL-DVR-cp plus-camera-in-Chennai,CP-VRA-1E1602-16CHANNEL-DVR,@CP-VRA-1E1602-16CHANNEL-DVR<br/><br/>16 Ch. 1080P Lite Indigo DVR
15,http://www.cctvcameradealerschennai.com/product/CCTV-CAMERA/CPPLUS/CP-UVC-DA40L2-DOME.php,CP-UVC-DA40L2-DOME-cp plus-camera-in-Chennai,http://www.cctvcameradealerschennai.com/admin/uploads/CP-UVC-DA40L2-DOME.jpg,CP-UVC-DA40L2-DOME-cp plus-camera-in-Chennai,CP-UVC-DA40L2-DOME,@CP-UVC-DA40L2-DOME<br/><br/>4 MP IR HDCVI Dome Camera - 20 Mtr.
16,http://www.cctvcameradealerschennai.com/product/CCTV-CAMERA/CPPLUS/CP-UVC-TA40L2-BULLET.php,CP-UVC-TA40L2-BULLET-cp plus-camera-in-Chennai,http://www.cctvcameradealerschennai.com/admin/uploads/CP-UVC-TA40L2-BULLET.jpg,CP-UVC-TA40L2-BULLET-cp plus-camera-in-Chennai,CP-UVC-TA40L2-BULLET,@CP-UVC-TA40L2-BULLET<br/><br/>4 MP IR HDCVI Bullet Camera - 20 Mtr.
17,http://www.cctvcameradealerschennai.com/product/CCTV-CAMERA/CPPLUS/CP-UVR-0401FM1-4CHANNEL-DVR.php,CP-UVR-0401FM1-4CHANNEL-DVR-cp plus-camera-in-Chennai,http://www.cctvcameradealerschennai.com/admin/uploads/CP-UVR-0401FM1-4CH-DVR.jpg,CP-UVR-0401FM1-4CHANNEL-DVR-cp plus-camera-in-Chennai,CP-UVR-0401FM1-4CHANNEL-DVR,@CP-UVR-0401FM1-4CHANNEL-DVR<br/><br/>4 Ch. 4MP HDCVI DVR
18,http://www.cctvcameradealerschennai.com/product/CCTV-CAMERA/CPPLUS/CP-UVR-0801FM1-8CHANNEL-DVR.php,CP-UVR-0801FM1-8CHANNEL-DVR-cp plus-camera-in-Chennai,http://www.cctvcameradealerschennai.com/admin/uploads/CP-UVR-0801FM1-8CH-DVR.jpg,CP-UVR-0801FM1-8CHANNEL-DVR-cp plus-camera-in-Chennai,CP-UVR-0801FM1-8CHANNEL-DVR,@CP-UVR-0801FM1-8CHANNEL-DVR<br/><br/>8 Ch. 4MP HDCVI DVR
19,http://www.cctvcameradealerschennai.com/product/CCTV-CAMERA/CPPLUS/CP-UVR-1601FM1-16CHANNEL-DVR.php,CP-UVR-1601FM1-16CHANNEL-DVR-cp plus-camera-in-Chennai,http://www.cctvcameradealerschennai.com/admin/uploads/CP-UVR-1601FM1-16CH-DVR.jpg,CP-UVR-1601FM1-16CHANNEL-DVR-cp plus-camera-in-Chennai,CP-UVR-1601FM1-16CHANNEL-DVR,@CP-UVR-1601FM1-16CHANNEL-DVR<br/><br/>16 Ch. 4MP HDCVI DVR
